-- phpMyAdmin SQL Dump
-- version 3.4.11.1deb2+deb7u4
-- http://www.phpmyadmin.net
--
-- Client: localhost
-- Généré le: Mer 17 Août 2016 à 14:39
-- Version du serveur: 5.5.49
-- Version de PHP: 5.4.45-0+deb7u4

SET SQL_MODE="NO_AUTO_VALUE_ON_ZERO";
SET time_zone = "+00:00";


/*!40101 SET @OLD_CHARACTER_SET_CLIENT=@@CHARACTER_SET_CLIENT */;
/*!40101 SET @OLD_CHARACTER_SET_RESULTS=@@CHARACTER_SET_RESULTS */;
/*!40101 SET @OLD_COLLATION_CONNECTION=@@COLLATION_CONNECTION */;
/*!40101 SET NAMES utf8 */;

--
-- Base de données: `fantasyLeague`
--

-- --------------------------------------------------------

--
-- Structure de la table `formation`
--

CREATE TABLE IF NOT EXISTS `formation` (
  `ID` int(11) NOT NULL AUTO_INCREMENT,
  `NBDEF` int(11) NOT NULL,
  `NBMID` int(11) NOT NULL,
  `NBFWD` int(11) NOT NULL,
  PRIMARY KEY (`ID`)
) ENGINE=InnoDB  DEFAULT CHARSET=latin1 AUTO_INCREMENT=5 ;

--
-- Contenu de la table `formation`
--

INSERT INTO `formation` (`ID`, `NBDEF`, `NBMID`, `NBFWD`) VALUES
(1, 4, 4, 2),
(2, 4, 3, 3),
(3, 3, 5, 2),
(4, 3, 6, 1);

-- --------------------------------------------------------

--
-- Structure de la table `league`
--

CREATE TABLE IF NOT EXISTS `league` (
  `ID` int(11) NOT NULL AUTO_INCREMENT,
  `IDSTATUT` int(11) NOT NULL,
  `LABEL` varchar(25) NOT NULL,
  PRIMARY KEY (`ID`),
  KEY `IDSTATUT` (`IDSTATUT`)
) ENGINE=InnoDB  DEFAULT CHARSET=latin1 AUTO_INCREMENT=2 ;

--
-- Contenu de la table `league`
--

INSERT INTO `league` (`ID`, `IDSTATUT`, `LABEL`) VALUES
(1, 1, 'TEPU 2016/2017');

-- --------------------------------------------------------

--
-- Structure de la table `myplayer`
--

CREATE TABLE IF NOT EXISTS `myplayer` (
  `idteam` int(11) NOT NULL,
  `idplayer` int(11) NOT NULL,
  `price` int(11) NOT NULL,
  KEY `idteam` (`idteam`,`idplayer`)
) ENGINE=MyISAM DEFAULT CHARSET=latin1;

--
-- Contenu de la table `myplayer`
--

INSERT INTO `myplayer` (`idteam`, `idplayer`, `price`) VALUES
(1, 15799, 37),
(1, 18227, 4),
(1, 26399, 80),
(1, 29975, 2),
(1, 36139, 19),
(1, 37304, 20),
(1, 40567, 1),
(1, 44983, 2),
(1, 61842, 10),
(1, 65477, 24),
(1, 69633, 49),
(1, 77544, 2),
(1, 78966, 2),
(1, 90466, 32),
(1, 128899, 10),
(1, 234803, 6),
(2, 4063, 6),
(2, 13573, 4),
(2, 23951, 22),
(2, 28973, 7),
(2, 29434, 23),
(2, 35664, 71),
(2, 38497, 14),
(2, 43003, 27),
(2, 53173, 7),
(2, 80444, 56),
(2, 85935, 3),
(2, 91059, 3),
(2, 92571, 15),
(2, 121477, 6),
(2, 139208, 21),
(2, 258923, 15),
(3, 2998, 10),
(3, 3333, 17),
(3, 14081, 3),
(3, 40204, 19),
(3, 45494, 4),
(3, 49499, 21),
(3, 52769, 40),
(3, 54906, 15),
(3, 59606, 4),
(3, 62121, 18),
(3, 62688, 5),
(3, 66934, 11),
(3, 73491, 8),
(3, 111630, 24),
(3, 132098, 52),
(3, 197838, 35),
(4, 7589, 6),
(4, 35518, 34),
(4, 41384, 20),
(4, 42412, 7),
(4, 50202, 69),
(4, 88755, 65),
(4, 89231, 2),
(4, 95755, 2),
(4, 112988, 11),
(4, 123682, 9),
(4, 128904, 2),
(4, 177476, 5),
(4, 182877, 33),
(4, 183288, 23),
(5, 13507, 25),
(5, 29692, 10),
(5, 31642, 5),
(5, 47082, 30),
(5, 48950, 19),
(5, 61819, 4),
(5, 68390, 20),
(5, 82130, 20),
(5, 86792, 20),
(5, 91251, 2),
(5, 91845, 30),
(5, 111455, 43),
(5, 120565, 15),
(5, 179184, 25),
(5, 200512, 30),
(5, 255916, 2),
(6, 3332, 36),
(6, 6636, 10),
(6, 6710, 15),
(6, 26764, 10),
(6, 27114, 3),
(6, 37647, 38),
(6, 44068, 35),
(6, 52570, 18),
(6, 103427, 25),
(6, 103565, 8),
(6, 121223, 2),
(6, 141660, 5),
(6, 171424, 35),
(6, 225083, 32),
(6, 242631, 1),
(6, 295330, 5),
(7, 33829, 6),
(7, 36861, 2),
(7, 40433, 74),
(7, 40613, 4),
(7, 49655, 3),
(7, 49734, 3),
(7, 51452, 12),
(7, 57420, 8),
(7, 71271, 7),
(7, 85177, 25),
(7, 96341, 58),
(7, 123742, 5),
(7, 131978, 28),
(7, 145988, 8),
(7, 186590, 37),
(7, 214056, 5),
(8, 10003, 7),
(8, 13091, 29),
(8, 27511, 28),
(8, 36827, 14),
(8, 39471, 4),
(8, 48066, 14),
(8, 50219, 14),
(8, 57162, 18),
(8, 61651, 35),
(8, 67355, 15),
(8, 82442, 28),
(8, 130756, 25),
(8, 148368, 14),
(8, 168337, 30),
(8, 195652, 9),
(8, 207917, 16),
(9, 3875, 10),
(9, 5658, 17),
(9, 9988, 5),
(9, 19059, 1),
(9, 31835, 7),
(9, 44675, 10),
(9, 45403, 16),
(9, 47995, 5),
(9, 50174, 18),
(9, 52119, 6),
(9, 53622, 52),
(9, 55735, 53),
(9, 76277, 30),
(9, 191217, 24),
(9, 207929, 32),
(9, 286384, 14),
(10, 8806, 45),
(10, 14221, 8),
(10, 16911, 7),
(10, 18644, 10),
(10, 33544, 10),
(10, 37838, 13),
(10, 42710, 27),
(10, 43530, 20),
(10, 45121, 10),
(10, 45146, 8),
(10, 54781, 32),
(10, 80197, 15),
(10, 104124, 7),
(10, 131789, 35),
(10, 175722, 20),
(10, 281404, 10),
(11, 3455, 45),
(11, 3878, 4),
(11, 11111, 10),
(11, 15760, 5),
(11, 17965, 28),
(11, 40611, 16),
(11, 50057, 30),
(11, 50477, 3),
(11, 57500, 22),
(11, 77760, 20),
(11, 82105, 18),
(11, 119296, 18),
(11, 129627, 13),
(11, 134425, 52),
(11, 181579, 13),
(11, 250478, 3);

-- --------------------------------------------------------

--
-- Structure de la table `player`
--

CREATE TABLE IF NOT EXISTS `player` (
  `ID` int(11) NOT NULL,
  `name` varchar(50) CHARACTER SET utf8 COLLATE utf8_bin NOT NULL,
  `position` varchar(50) NOT NULL,
  `team` varchar(50) NOT NULL,
  `price` int(11) NOT NULL,
  `idposition` int(11) NOT NULL,
  `actif` int(1) NOT NULL DEFAULT '1',
  PRIMARY KEY (`ID`),
  KEY `idposition` (`idposition`)
) ENGINE=InnoDB DEFAULT CHARSET=latin1;

--
-- Contenu de la table `player`
--

INSERT INTO `player` (`ID`, `name`, `position`, `team`, `price`, `idposition`, `actif`) VALUES
(488, 'Gerhard Tremmel', 'Keeper', 'Swansea City', 1, 1, 1),
(2514, 'Bastian Schweinsteiger', 'Central Midfield', 'Manchester United', 10, 8, 1),
(2857, 'Eldin Jakupovic', 'Keeper', 'Hull City', 1, 1, 1),
(2998, 'Robert Huth', 'Centre Back', 'Leicester City', 6, 3, 1),
(3146, 'Shay Given', 'Keeper', 'Stoke City', 1, 1, 1),
(3160, 'John Terry', 'Centre Back', 'Chelsea FC', 3, 3, 1),
(3291, 'Gareth Barry', 'Defensive Midfield', 'FC Everton', 2, 9, 1),
(3306, 'Jonathan Walters', 'Right Wing', 'Stoke City', 4, 14, 1),
(3332, 'Wayne Rooney', 'Secondary Striker', 'Manchester United', 35, 13, 1),
(3333, 'James Milner', 'Central Midfield', 'FC Liverpool', 15, 8, 1),
(3455, 'Zlatan Ibrahimovic', 'Centre Forward', 'Manchester United', 12, 12, 1),
(3540, 'John O&#039;Shea', 'Centre Back', 'AFC Sunderland', 1, 3, 1),
(3547, 'Darren Fletcher', 'Central Midfield', 'West Bromwich Albion', 2, 8, 1),
(3630, 'Paul Robinson', 'Keeper', 'Burnley FC', 1, 1, 1),
(3838, 'Boaz Myhill', 'Keeper', 'West Bromwich Albion', 2, 1, 1),
(3875, 'Jermain Defoe', 'Centre Forward', 'AFC Sunderland', 7, 12, 1),
(3878, 'Michael Carrick', 'Defensive Midfield', 'Manchester United', 3, 9, 1),
(3881, 'Glen Johnson', 'Fullback, right', 'Stoke City', 7, 6, 1),
(4055, 'Dean Marney', 'Central Midfield', 'Burnley FC', 1, 8, 1),
(4063, 'Stewart Downing', 'Central Midfield', 'Middlesbrough FC', 6, 8, 1),
(4072, 'Peter Crouch', 'Centre Forward', 'Stoke City', 2, 12, 1),
(4233, 'Adam Federici', 'Keeper', 'AFC Bournemouth', 1, 1, 1),
(4311, 'Maarten Stekelenburg', 'Keeper', 'FC Everton', 1, 1, 1),
(5278, 'Alexander Manninger', 'Keeper', 'FC Liverpool', 1, 1, 1),
(5658, 'Petr Cech', 'Keeper', 'FC Arsenal', 12, 1, 1),
(6636, 'Christian Fuchs', 'Fullback, left', 'Leicester City', 6, 5, 1),
(6710, 'Per Mertesacker', 'Centre Back', 'FC Arsenal', 10, 3, 1),
(7449, 'Gaël Clichy', 'Fullback, left', 'Manchester City', 9, 5, 1),
(7589, 'Víctor Valdés', 'Keeper', 'Middlesbrough FC', 3, 1, 1),
(8552, 'Arouna Koné', 'Centre Forward', 'FC Everton', 3, 12, 1),
(8806, 'Cesc Fàbregas', 'Central Midfield', 'Chelsea FC', 45, 8, 1),
(9422, 'Allan McGregor', 'Keeper', 'Hull City', 2, 1, 1),
(9508, 'Shaun Maloney', 'Attacking Midfield', 'Hull City', 2, 7, 1),
(9594, 'Vincent Kompany', 'Centre Back', 'Manchester City', 30, 3, 1),
(9988, 'Michael Dawson', 'Centre Back', 'Hull City', 4, 3, 1),
(10003, 'Wes Morgan', 'Centre Back', 'Leicester City', 4, 3, 1),
(10375, 'Shaun MacDonald', 'Central Midfield', 'AFC Bournemouth', 1, 8, 0),
(11111, 'Ramiro Funes Mori', 'Centre Back', 'FC Everton', 12, 3, 1),
(12124, 'Glenn Whelan', 'Defensive Midfield', 'Stoke City', 3, 9, 1),
(12282, 'Daley Blind', 'Centre Back', 'Manchester United', 22, 3, 1),
(12691, 'James Collins', 'Centre Back', 'West Ham United', 2, 3, 1),
(12814, 'Julián Speroni', 'Keeper', 'Crystal Palace', 1, 1, 1),
(13091, 'Yaya Touré', 'Central Midfield', 'Manchester City', 16, 8, 1),
(13465, 'Tom Huddlestone', 'Defensive Midfield', 'Hull City', 5, 9, 1),
(13507, 'Leighton Baines', 'Fullback, left', 'FC Everton', 13, 5, 1),
(13520, 'Phil Jagielka', 'Centre Back', 'FC Everton', 4, 3, 1),
(13572, 'Ben Foster', 'Keeper', 'West Bromwich Albion', 4, 1, 1),
(13573, 'Simon Francis', 'Fullback, right', 'AFC Bournemouth', 3, 6, 1),
(13796, 'Grant Leadbitter', 'Central Midfield', 'Middlesbrough FC', 2, 8, 1),
(14066, 'Wayne Routledge', 'Central Midfield', 'Swansea City', 3, 8, 1),
(14081, 'Ben Watson', 'Central Midfield', 'FC Watford', 2, 8, 1),
(14086, 'Ashley Young', 'Central Midfield', 'Manchester United', 10, 8, 1),
(14221, 'Aaron Lennon', 'Central Midfield', 'FC Everton', 6, 8, 1),
(15220, 'Artur Boruc', 'Keeper', 'AFC Bournemouth', 1, 1, 1),
(15760, 'Ibrahim Afellay', 'Central Midfield', 'Stoke City', 5, 8, 1),
(15773, 'Phil Bardsley', 'Fullback, right', 'Stoke City', 2, 6, 1),
(15799, 'Santi Cazorla', 'Central Midfield', 'FC Arsenal', 20, 8, 1),
(15956, 'Jesús Navas', 'Central Midfield', 'Manchester City', 20, 8, 1),
(16311, 'Rouwen Hennings', 'Centre Forward', 'Burnley FC', 2, 12, 1),
(16660, 'Alex Baptiste', 'Fullback, right', 'Middlesbrough FC', 2, 6, 1),
(16911, 'Kasper Schmeichel', 'Keeper', 'Leicester City', 8, 1, 1),
(16947, 'Marcin Wasilewski', 'Centre Back', 'Leicester City', 1, 3, 1),
(17804, 'Sébastien Pocognoli', 'Fullback, left', 'West Bromwich Albion', 1, 5, 1),
(17965, 'Hugo Lloris', 'Keeper', 'Tottenham Hotspur', 24, 1, 1),
(18227, 'Curtis Davies', 'Centre Back', 'Hull City', 4, 3, 1),
(18644, 'Álvaro Negredo', 'Centre Forward', 'Middlesbrough FC', 8, 12, 1),
(18935, 'Samir Nasri', 'Central Midfield', 'Manchester City', 15, 8, 1),
(19041, 'Gökhan Inler', 'Central Midfield', 'Leicester City', 5, 8, 1),
(19059, 'Heurelho Gomes', 'Keeper', 'FC Watford', 1, 1, 1),
(19368, 'Mousa Dembélé', 'Central Midfield', 'Tottenham Hotspur', 18, 8, 1),
(19948, 'Willy Caballero', 'Keeper', 'Manchester City', 2, 1, 1),
(20007, 'Pablo Zabaleta', 'Fullback, right', 'Manchester City', 10, 6, 1),
(21327, 'Ron-Robert Zieler', 'Keeper', 'Leicester City', 8, 1, 1),
(21333, 'Aiden McGeady', 'Central Midfield', 'FC Everton', 4, 8, 1),
(21905, 'Valon Behrami', 'Defensive Midfield', 'FC Watford', 3, 9, 1),
(22614, 'Robert Snodgrass', 'Central Midfield', 'Hull City', 5, 8, 1),
(23951, 'Steve Mandanda', 'Keeper', 'Crystal Palace', 10, 1, 1),
(24634, 'David Jones', 'Central Midfield', 'Burnley FC', 2, 8, 0),
(25248, 'Jonas Olsson', 'Centre Back', 'West Bromwich Albion', 2, 3, 1),
(25366, 'Michael Kightly', 'Central Midfield', 'Burnley FC', 2, 8, 1),
(26267, 'Fernandinho', 'Central Midfield', 'Manchester City', 28, 8, 1),
(26276, 'Michel Vorm', 'Keeper', 'Tottenham Hotspur', 5, 1, 1),
(26399, 'Sergio Agüero', 'Centre Forward', 'Manchester City', 60, 12, 1),
(26669, 'Ragnar Klavan', 'Centre Back', 'FC Liverpool', 4, 3, 1),
(26764, 'Bacary Sagna', 'Fullback, right', 'Manchester City', 8, 6, 1),
(27114, 'Younès Kaboul', 'Centre Back', 'AFC Sunderland', 3, 3, 1),
(27306, 'Mathieu Debuchy', 'Fullback, right', 'FC Arsenal', 8, 6, 1),
(27511, 'Gary Cahill', 'Centre Back', 'Chelsea FC', 16, 3, 1),
(27614, 'James Morrison', 'Central Midfield', 'West Bromwich Albion', 5, 8, 1),
(28140, 'Max Gradel', 'Left Wing', 'AFC Bournemouth', 9, 15, 1),
(28336, 'Mile Jedinak', 'Defensive Midfield', 'Crystal Palace', 5, 9, 1),
(28973, 'Steven Davis', 'Central Midfield', 'FC Southampton', 6, 8, 1),
(28990, 'Charlie Adam', 'Central Midfield', 'Stoke City', 5, 8, 1),
(29434, 'Yohan Cabaye', 'Central Midfield', 'Crystal Palace', 18, 8, 1),
(29692, 'Lukasz Fabianski', 'Keeper', 'Swansea City', 9, 1, 1),
(29975, 'Andrew Surman', 'Central Midfield', 'AFC Bournemouth', 2, 8, 1),
(30456, 'Marc Wilson', 'Centre Back', 'AFC Bournemouth', 3, 3, 1),
(30690, 'Sergio Romero', 'Keeper', 'Manchester United', 5, 1, 1),
(30739, 'John Obi Mikel', 'Defensive Midfield', 'Chelsea FC', 11, 9, 1),
(31642, 'Geoff Cameron', 'Centre Back', 'Stoke City', 3, 3, 1),
(31720, 'Sebastian Larsson', 'Central Midfield', 'AFC Sunderland', 3, 8, 1),
(31835, 'Mark Noble', 'Central Midfield', 'West Ham United', 7, 8, 1),
(31886, 'Dusan Kuciak', 'Keeper', 'Hull City', 1, 1, 1),
(32522, 'Antonio Barragán', 'Fullback, right', 'Middlesbrough FC', 4, 6, 1),
(33507, 'Lukas Jutkiewicz', 'Centre Forward', 'Burnley FC', 1, 12, 1),
(33544, 'Antonio Valencia', 'Fullback, right', 'Manchester United', 8, 6, 1),
(33639, 'Kevin Mirallas', 'Central Midfield', 'FC Everton', 13, 8, 1),
(33713, 'Theo Walcott', 'Right Wing', 'FC Arsenal', 22, 14, 1),
(33781, 'Vito Mannone', 'Keeper', 'AFC Sunderland', 3, 1, 1),
(33829, 'José Fonte', 'Centre Back', 'FC Southampton', 6, 3, 1),
(33866, 'Steven Defour', 'Central Midfield', 'Burnley FC', 6, 8, 1),
(33873, 'Asmir Begovic', 'Keeper', 'Chelsea FC', 10, 1, 1),
(33963, 'David Nugent', 'Centre Forward', 'Middlesbrough FC', 4, 12, 1),
(34130, 'Tom Heaton', 'Keeper', 'Burnley FC', 3, 1, 1),
(34409, 'Joe Ledley', 'Central Midfield', 'Crystal Palace', 4, 8, 1),
(34691, 'Stephen Ward', 'Fullback, left', 'Burnley FC', 1, 5, 1),
(34838, 'Stephen Ireland', 'Attacking Midfield', 'Stoke City', 2, 7, 1),
(35251, 'Marko Marin', 'Attacking Midfield', 'Chelsea FC', 3, 7, 1),
(35413, 'Lewis Grabban', 'Centre Forward', 'AFC Bournemouth', 3, 12, 1),
(35518, 'David Silva', 'Attacking Midfield', 'Manchester City', 33, 7, 1),
(35564, 'Fernando Llorente', 'Centre Forward', 'Swansea City', 6, 12, 1),
(35664, 'Mesut Özil', 'Attacking Midfield', 'FC Arsenal', 50, 7, 1),
(36139, 'Dusan Tadic', 'Central Midfield', 'FC Southampton', 17, 8, 1),
(36814, 'Chris Brunt', 'Central Midfield', 'West Bromwich Albion', 4, 8, 1),
(36827, 'Branislav Ivanovic', 'Fullback, right', 'Chelsea FC', 10, 6, 1),
(36861, 'Damien Delaney', 'Centre Back', 'Crystal Palace', 2, 3, 1),
(36866, 'Billy Jones', 'Fullback, right', 'AFC Sunderland', 2, 6, 1),
(36939, 'Marc Pugh', 'Central Midfield', 'AFC Bournemouth', 2, 8, 1),
(37011, 'Nathan Dyer', 'Central Midfield', 'Swansea City', 4, 8, 1),
(37171, 'Craig Gardner', 'Central Midfield', 'West Bromwich Albion', 4, 8, 1),
(37304, 'Shane Long', 'Centre Forward', 'FC Southampton', 10, 12, 1),
(37337, 'Mario Suárez', 'Defensive Midfield', 'FC Watford', 8, 9, 0),
(37363, 'Lee Cattermole', 'Defensive Midfield', 'AFC Sunderland', 4, 9, 1),
(37442, 'Danny Simpson', 'Fullback, right', 'Leicester City', 5, 6, 1),
(37526, 'Winston Reid', 'Centre Back', 'West Ham United', 10, 3, 1),
(37647, 'Dimitri Payet', 'Central Midfield', 'West Ham United', 30, 8, 1),
(37787, 'Marvin Emnes', 'Centre Forward', 'Swansea City', 1, 12, 1),
(37838, 'Dejan Lovren', 'Centre Back', 'FC Liverpool', 15, 3, 1),
(37941, 'Camilo Zúñiga', 'Centre Back', 'FC Watford', 1, 3, 1),
(37957, 'Alex Bruce', 'Centre Back', 'Hull City', 1, 3, 1),
(37981, 'Sebastian Prödl', 'Centre Back', 'FC Watford', 4, 3, 1),
(38497, 'Jeremain Lens', 'Left Wing', 'AFC Sunderland', 11, 15, 1),
(39010, 'Jordi Gómez', 'Attacking Midfield', 'AFC Sunderland', 2, 7, 1),
(39471, 'Brad Guzan', 'Keeper', 'Middlesbrough FC', 3, 1, 1),
(39679, 'Marouane Fellaini', 'Central Midfield', 'Manchester United', 15, 8, 1),
(40043, 'Leon Britton', 'Central Midfield', 'Swansea City', 2, 8, 1),
(40204, 'Joe Hart', 'Keeper', 'Manchester City', 17, 1, 1),
(40433, 'Alexis Sánchez', 'Left Wing', 'FC Arsenal', 55, 15, 1),
(40567, 'Gareth McAuley', 'Centre Back', 'West Bromwich Albion', 1, 3, 1),
(40611, 'Ryan Bertrand', 'Fullback, left', 'FC Southampton', 14, 5, 1),
(40612, 'Liam Bridcutt', 'Defensive Midfield', 'AFC Sunderland', 3, 9, 0),
(40613, 'Jack Cork', 'Defensive Midfield', 'Swansea City', 5, 9, 1),
(41112, 'José Holebas', 'Fullback, left', 'FC Watford', 2, 5, 1),
(41384, 'Marko Arnautovic', 'Left Wing', 'Stoke City', 12, 15, 1),
(41414, 'Lucas Leiva', 'Defensive Midfield', 'FC Liverpool', 10, 9, 1),
(41416, 'James McArthur', 'Central Midfield', 'Crystal Palace', 7, 8, 1),
(42234, 'Havard Nordtveit', 'Defensive Midfield', 'West Ham United', 6, 9, 1),
(42298, 'Rhoys Wiggins', 'Fullback, left', 'AFC Bournemouth', 1, 5, 1),
(42411, 'Fraizer Campbell', 'Centre Forward', 'Crystal Palace', 3, 12, 1),
(42412, 'Jonny Evans', 'Centre Back', 'West Bromwich Albion', 6, 3, 1),
(42413, 'Darron Gibson', 'Central Midfield', 'FC Everton', 2, 8, 1),
(42710, 'Toby Alderweireld', 'Centre Back', 'Tottenham Hotspur', 27, 3, 1),
(43003, 'Nacho Monreal', 'Fullback, left', 'FC Arsenal', 15, 5, 1),
(43250, 'Jan Vertonghen', 'Centre Back', 'Tottenham Hotspur', 23, 3, 1),
(43530, 'Adam Lallana', 'Attacking Midfield', 'FC Liverpool', 19, 7, 1),
(43763, 'Erik Pieters', 'Fullback, left', 'Stoke City', 7, 5, 1),
(44058, 'Wojciech Szczesny', 'Keeper', 'FC Arsenal', 12, 1, 0),
(44068, 'Juan Mata', 'Attacking Midfield', 'Manchester United', 31, 7, 1),
(44675, 'Bojan Krkic', 'Secondary Striker', 'Stoke City', 10, 13, 1),
(44779, 'Diego Costa', 'Centre Forward', 'Chelsea FC', 45, 12, 1),
(44792, 'Kieran Gibbs', 'Fullback, left', 'FC Arsenal', 13, 5, 1),
(44983, 'Dan Gosling', 'Central Midfield', 'AFC Bournemouth', 3, 8, 1),
(45121, 'Loïc Rémy', 'Centre Forward', 'Chelsea FC', 9, 12, 1),
(45146, 'Mario Balotelli', 'Centre Forward', 'FC Liverpool', 6, 12, 1),
(45314, 'Federico Fazio', 'Centre Back', 'Tottenham Hotspur', 8, 3, 0),
(45330, 'Claudio Yacob', 'Defensive Midfield', 'West Bromwich Albion', 4, 9, 1),
(45333, 'James McCarthy', 'Central Midfield', 'FC Everton', 17, 8, 1),
(45403, 'André Ayew', 'Central Midfield', 'West Ham United', 18, 8, 1),
(45494, 'Wayne Hennessey', 'Keeper', 'Crystal Palace', 4, 1, 1),
(45623, 'George Boyd', 'Midfield, right', 'Burnley FC', 4, 0, 1),
(45861, 'Ryan Shawcross', 'Centre Back', 'Stoke City', 11, 3, 1),
(46156, 'Aleksandar Kolarov', 'Fullback, left', 'Manchester City', 11, 5, 1),
(46791, 'Bakary Sako', 'Central Midfield', 'Crystal Palace', 8, 8, 1),
(47082, 'Daniel Sturridge', 'Centre Forward', 'FC Liverpool', 25, 12, 1),
(47659, 'Costel Pantilimon', 'Keeper', 'FC Watford', 5, 1, 1),
(47713, 'Mamadou Sakho', 'Centre Back', 'FC Liverpool', 18, 3, 1),
(47995, 'Jason Puncheon', 'Central Midfield', 'Crystal Palace', 5, 8, 1),
(48002, 'Angelo Ogbonna', 'Centre Back', 'West Ham United', 9, 3, 1),
(48066, 'Andy Carroll', 'Centre Forward', 'West Ham United', 10, 12, 1),
(48078, 'Sam Vokes', 'Centre Forward', 'Burnley FC', 4, 12, 1),
(48950, 'Jordan Rhodes', 'Centre Forward', 'Middlesbrough FC', 10, 12, 1),
(49499, 'Georginio Wijnaldum', 'Attacking Midfield', 'FC Liverpool', 22, 7, 1),
(49655, 'Rickie Lambert', 'Centre Forward', 'West Bromwich Albion', 3, 12, 1),
(49734, 'Jan Kirchhoff', 'Defensive Midfield', 'AFC Sunderland', 3, 9, 1),
(50057, 'Aaron Ramsey', 'Central Midfield', 'FC Arsenal', 35, 8, 1),
(50174, 'Danny Rose', 'Fullback, left', 'Tottenham Hotspur', 14, 5, 1),
(50201, 'Christian Benteke', 'Centre Forward', 'FC Liverpool', 27, 12, 1),
(50202, 'Eden Hazard', 'Central Midfield', 'Chelsea FC', 65, 8, 1),
(50219, 'Simon Mignolet', 'Keeper', 'FC Liverpool', 12, 1, 1),
(50362, 'Fabian Delph', 'Central Midfield', 'Manchester City', 10, 8, 1),
(50477, 'Yohan Benalouane', 'Centre Back', 'Leicester City', 2, 3, 1),
(50552, 'Dimitrios Konstantopoulos', 'Keeper', 'Middlesbrough FC', 1, 1, 1),
(51174, 'Fernando', 'Defensive Midfield', 'Manchester City', 16, 9, 1),
(51321, 'Darren Randolph', 'Keeper', 'West Ham United', 2, 1, 1),
(51452, 'Joe Allen', 'Central Midfield', 'Stoke City', 12, 8, 1),
(52119, 'Patrick van Aanholt', 'Fullback, left', 'AFC Sunderland', 6, 5, 1),
(52570, 'Fraser Forster', 'Keeper', 'FC Southampton', 15, 1, 1),
(52769, 'Willian', 'Central Midfield', 'Chelsea FC', 32, 8, 1),
(53173, 'Philipp Wollscheid', 'Centre Back', 'Stoke City', 8, 3, 1),
(53360, 'Jay Rodríguez', 'Left Wing', 'FC Southampton', 13, 15, 1),
(53622, 'Ilkay Gündogan', 'Central Midfield', 'Manchester City', 30, 8, 1),
(54781, 'Nicolás Otamendi', 'Centre Back', 'Manchester City', 32, 3, 1),
(54890, 'Leonardo Ulloa', 'Centre Forward', 'Leicester City', 8, 12, 1),
(54906, 'Matteo Darmian', 'Fullback, right', 'Manchester United', 15, 6, 1),
(55291, 'Scott Arfield', 'Midfield, left', 'Burnley FC', 3, 0, 1),
(55619, 'Nordin Amrabat', 'Central Midfield', 'FC Watford', 5, 8, 1),
(55687, 'Ritchie De Laet', 'Fullback, right', 'Leicester City', 2, 6, 1),
(55735, 'Henrikh Mkhitaryan', 'Attacking Midfield', 'Manchester United', 37, 7, 1),
(55742, 'Harry Arter', 'Central Midfield', 'AFC Bournemouth', 2, 8, 1),
(56818, 'Morgan Schneiderlin', 'Defensive Midfield', 'Manchester United', 28, 9, 1),
(56872, 'Andy King', 'Central Midfield', 'Leicester City', 4, 8, 1),
(57079, 'Jack Rodwell', 'Defensive Midfield', 'AFC Sunderland', 7, 9, 1),
(57162, 'Sofiane Feghouli', 'Central Midfield', 'West Ham United', 14, 8, 1),
(57207, 'Jordon Mutch', 'Central Midfield', 'Crystal Palace', 4, 8, 1),
(57420, 'Lamine Koné', 'Centre Back', 'AFC Sunderland', 6, 3, 1),
(57423, 'Florin Gardos', 'Centre Back', 'FC Southampton', 5, 3, 1),
(57500, 'César Azpilicueta', 'Fullback, right', 'Chelsea FC', 20, 6, 1),
(59323, 'Cristhian Stuani', 'Centre Forward', 'Middlesbrough FC', 4, 12, 1),
(59377, 'David de Gea', 'Keeper', 'Manchester United', 40, 1, 1),
(59558, 'Emilio Nsue', 'Fullback, right', 'Middlesbrough FC', 2, 6, 1),
(59606, 'Craig Cathcart', 'Centre Back', 'FC Watford', 4, 3, 1),
(59631, 'Nacer Chadli', 'Central Midfield', 'Tottenham Hotspur', 13, 8, 1),
(59866, 'Victor Moses', 'Central Midfield', 'Chelsea FC', 7, 8, 1),
(60583, 'Jérémy Pied', 'Fullback, right', 'FC Southampton', 4, 6, 1),
(61560, 'Marc Albrighton', 'Midfield, left', 'Leicester City', 4, 0, 1),
(61583, 'Eunan O&#039;Kane', 'Central Midfield', 'AFC Bournemouth', 2, 8, 1),
(61592, 'James Tomkins', 'Centre Back', 'Crystal Palace', 7, 3, 1),
(61651, 'Jordan Henderson', 'Central Midfield', 'FC Liverpool', 28, 8, 1),
(61711, 'Callum McManaman', 'Central Midfield', 'West Bromwich Albion', 4, 8, 1),
(61819, 'Charlie Daniels', 'Fullback, left', 'AFC Bournemouth', 3, 5, 1),
(61832, 'Jake Livermore', 'Central Midfield', 'Hull City', 5, 8, 1),
(61834, 'Ryan Mason', 'Central Midfield', 'Tottenham Hotspur', 8, 8, 1),
(61841, 'Adam Smith', 'Fullback, right', 'AFC Bournemouth', 2, 6, 1),
(61842, 'Andros Townsend', 'Central Midfield', 'Crystal Palace', 11, 8, 1),
(61891, 'Fábio', 'Fullback, left', 'Middlesbrough FC', 3, 5, 1),
(61906, 'Mustapha Carayol', 'Central Midfield', 'Middlesbrough FC', 1, 8, 1),
(62049, 'Mame Diouf', 'Centre Forward', 'Stoke City', 8, 12, 1),
(62121, 'Odion Ighalo', 'Centre Forward', 'FC Watford', 12, 12, 1),
(62688, 'Scott Dann', 'Centre Back', 'Crystal Palace', 5, 3, 1),
(62945, 'Luis Hernández', 'Centre Back', 'Leicester City', 4, 3, 1),
(62947, 'Tomás Mejías', 'Keeper', 'Middlesbrough FC', 1, 1, 1),
(63200, 'Ashley Barnes', 'Centre Forward', 'Burnley FC', 2, 12, 1),
(63342, 'Leroy Fer', 'Central Midfield', 'Swansea City', 8, 8, 1),
(63494, 'Étienne Capoue', 'Defensive Midfield', 'FC Watford', 9, 9, 1),
(64598, 'Bernardo Espinosa', 'Centre Back', 'Middlesbrough FC', 3, 3, 1),
(65278, 'Pedro', 'Right Wing', 'Chelsea FC', 23, 14, 1),
(65477, 'Troy Deeney', 'Centre Forward', 'FC Watford', 11, 12, 1),
(66100, 'Oriol Romeu', 'Defensive Midfield', 'FC Southampton', 5, 9, 1),
(66219, 'Kyle Naughton', 'Fullback, right', 'Swansea City', 5, 6, 1),
(66333, 'Ahmed Elmohamady', 'Midfield, right', 'Hull City', 4, 0, 1),
(66413, 'Franck Tabanou', 'Fullback, left', 'Swansea City', 4, 5, 1),
(66518, 'Rene Gilmartin', 'Keeper', 'FC Watford', 1, 1, 1),
(66550, 'Ángel Rangel', 'Fullback, right', 'Swansea City', 2, 6, 1),
(66934, 'Cheikhou Kouyaté', 'Defensive Midfield', 'West Ham United', 12, 9, 1),
(67063, 'Danny Welbeck', 'Centre Forward', 'FC Arsenal', 17, 12, 1),
(67283, 'Ben Hamer', 'Keeper', 'Leicester City', 1, 1, 1),
(67355, 'Ashley Williams', 'Centre Back', 'FC Everton', 8, 3, 1),
(67416, 'Neil Taylor', 'Fullback, left', 'Swansea City', 6, 5, 1),
(68183, 'David Meyler', 'Central Midfield', 'Hull City', 3, 8, 1),
(68390, 'Seamus Coleman', 'Fullback, right', 'FC Everton', 17, 6, 1),
(69001, 'Giedrius Arlauskis', 'Keeper', 'FC Watford', 1, 1, 1),
(69633, 'Christian Eriksen', 'Attacking Midfield', 'Tottenham Hotspur', 31, 7, 1),
(70934, 'Nolito', 'Left Wing', 'Manchester City', 18, 15, 1),
(70950, 'Mohamed Diamé', 'Central Midfield', 'Hull City', 5, 8, 0),
(71271, 'Adrián', 'Keeper', 'West Ham United', 9, 1, 1),
(73067, 'Adam Clayton', 'Central Midfield', 'Middlesbrough FC', 3, 8, 1),
(73396, 'David Ospina', 'Keeper', 'FC Arsenal', 8, 1, 1),
(73482, 'James Chester', 'Centre Back', 'West Bromwich Albion', 5, 3, 0),
(73484, 'Tom Cleverley', 'Central Midfield', 'FC Everton', 9, 8, 1),
(73491, 'Danny Drinkwater', 'Central Midfield', 'Leicester City', 10, 8, 1),
(73522, 'Matty James', 'Central Midfield', 'Leicester City', 2, 8, 1),
(74223, 'Jack Wilshere', 'Central Midfield', 'FC Arsenal', 23, 8, 1),
(74228, 'Marc Muniesa', 'Centre Back', 'Stoke City', 4, 3, 1),
(74683, 'Nemanja Matic', 'Defensive Midfield', 'Chelsea FC', 32, 9, 1),
(74768, 'Adlène Guédioura', 'Central Midfield', 'FC Watford', 1, 8, 1),
(74810, 'Ben Mee', 'Fullback, left', 'Burnley FC', 4, 5, 1),
(74869, 'Francis Coquelin', 'Defensive Midfield', 'FC Arsenal', 13, 9, 1),
(75471, 'Yannick Bolasie', 'Central Midfield', 'FC Everton', 14, 8, 1),
(75890, 'Kristoffer Nordfeldt', 'Keeper', 'Swansea City', 3, 1, 1),
(76277, 'Laurent Koscielny', 'Centre Back', 'FC Arsenal', 22, 3, 1),
(76608, 'Abel Hernández', 'Centre Forward', 'Hull City', 8, 12, 1),
(76799, 'Miguel Britos', 'Centre Back', 'FC Watford', 4, 3, 1),
(77274, 'Matt Phillips', 'Right Wing', 'West Bromwich Albion', 6, 14, 1),
(77329, 'Will Buckley', 'Central Midfield', 'AFC Sunderland', 3, 8, 0),
(77544, 'George Friend', 'Fullback, left', 'Middlesbrough FC', 2, 5, 1),
(77760, 'Victor Wanyama', 'Defensive Midfield', 'Tottenham Hotspur', 15, 9, 1),
(77932, 'Jefferson Montero', 'Central Midfield', 'Swansea City', 6, 8, 1),
(78959, 'Martin Kelly', 'Fullback, right', 'Crystal Palace', 4, 6, 1),
(78966, 'Daniel Ayala', 'Centre Back', 'Middlesbrough FC', 2, 3, 1),
(79642, 'Shinji Okazaki', 'Centre Forward', 'Leicester City', 10, 12, 1),
(80197, 'José Salomón Rondón', 'Centre Forward', 'West Bromwich Albion', 17, 12, 1),
(80444, 'Coutinho', 'Attacking Midfield', 'FC Liverpool', 35, 7, 1),
(80702, 'Mark Birighitti', 'Keeper', 'Swansea City', 1, 1, 1),
(81512, 'Christian Kabasele', 'Centre Back', 'FC Watford', 6, 3, 1),
(81789, 'Maya Yoshida', 'Centre Back', 'FC Southampton', 4, 3, 1),
(81796, 'Sung-Yong Ki', 'Defensive Midfield', 'Swansea City', 8, 9, 1),
(81801, 'Chung-Yong Lee', 'Central Midfield', 'Crystal Palace', 2, 8, 1),
(81808, 'Wilfried Bony', 'Centre Forward', 'Manchester City', 22, 12, 1),
(81999, 'Joselu', 'Centre Forward', 'Stoke City', 6, 12, 1),
(82105, 'Joel Matip', 'Centre Back', 'FC Liverpool', 18, 3, 1),
(82130, 'Gökhan Töre', 'Central Midfield', 'West Ham United', 14, 8, 1),
(82442, 'Olivier Giroud', 'Centre Forward', 'FC Arsenal', 25, 12, 1),
(83430, 'Albert Adomah', 'Central Midfield', 'Middlesbrough FC', 2, 8, 1),
(85177, 'Nathaniel Clyne', 'Fullback, right', 'FC Liverpool', 21, 6, 1),
(85289, 'Jordi Amat', 'Centre Back', 'Swansea City', 3, 3, 1),
(85314, 'Oscar', 'Attacking Midfield', 'Chelsea FC', 35, 7, 1),
(85324, 'Borja Bastón', 'Centre Forward', 'Swansea City', 5, 12, 1),
(85475, 'Federico Fernández', 'Centre Back', 'Swansea City', 9, 3, 1),
(85864, 'Loris Karius', 'Keeper', 'FC Liverpool', 9, 1, 1),
(85928, 'Danny Lafferty', 'Fullback, left', 'Burnley FC', 1, 5, 1),
(85935, 'James McClean', 'Central Midfield', 'West Bromwich Albion', 3, 8, 1),
(86792, 'Xherdan Shaqiri', 'Central Midfield', 'Stoke City', 15, 8, 1),
(87672, 'Junior Stanislas', 'Central Midfield', 'AFC Bournemouth', 4, 8, 1),
(88755, 'Kevin De Bruyne', 'Attacking Midfield', 'Manchester City', 60, 7, 1),
(89231, 'Johann Berg Gudmundsson', 'Central Midfield', 'Burnley FC', 3, 8, 1),
(90466, 'Gylfi Sigurdsson', 'Attacking Midfield', 'Swansea City', 17, 7, 1),
(90681, 'Eliaquim Mangala', 'Centre Back', 'Manchester City', 23, 3, 1),
(90836, 'Steve Cook', 'Centre Back', 'AFC Bournemouth', 5, 3, 1),
(91059, 'Joshua King', 'Secondary Striker', 'AFC Bournemouth', 4, 13, 1),
(91251, 'Cuco Martina', 'Fullback, right', 'FC Southampton', 2, 6, 1),
(91845, 'Heung-Min Son', 'Central Midfield', 'Tottenham Hotspur', 25, 8, 1),
(91970, 'Juan Cuadrado', 'Central Midfield', 'Chelsea FC', 25, 8, 1),
(92571, 'Aaron Cresswell', 'Fullback, left', 'West Ham United', 12, 5, 1),
(92572, 'Joel Ward', 'Fullback, right', 'Crystal Palace', 5, 6, 1),
(93145, 'Adama Diomande', 'Centre Forward', 'Hull City', 2, 12, 1),
(93176, 'Marcos Rojo', 'Centre Back', 'Manchester United', 19, 3, 1),
(93690, 'Brice Dja Djedjé', 'Fullback, right', 'FC Watford', 4, 6, 1),
(93905, 'Muhamed Besic', 'Defensive Midfield', 'FC Everton', 6, 9, 1),
(95424, 'Kyle Walker', 'Fullback, right', 'Tottenham Hotspur', 15, 6, 1),
(95435, 'Connor Wickham', 'Centre Forward', 'Crystal Palace', 6, 12, 1),
(95755, 'Viktor Fischer', 'Left Wing', 'Middlesbrough FC', 5, 15, 1),
(95810, 'Kieran Trippier', 'Fullback, right', 'Tottenham Hotspur', 6, 6, 1),
(95976, 'Alex McCarthy', 'Keeper', 'FC Southampton', 3, 1, 1),
(96341, 'Romelu Lukaku', 'Centre Forward', 'FC Everton', 40, 12, 1),
(96754, 'Fabio Borini', 'Left Wing', 'AFC Sunderland', 6, 15, 1),
(99343, 'Ander Herrera', 'Central Midfield', 'Manchester United', 28, 8, 1),
(100507, 'Juan Carlos Paredes', 'Fullback, right', 'FC Watford', 2, 6, 1),
(101118, 'Joel Robles', 'Keeper', 'FC Everton', 5, 1, 1),
(101213, 'Pedro Obiang', 'Central Midfield', 'West Ham United', 8, 8, 1),
(101500, 'Matej Vydra', 'Centre Forward', 'FC Watford', 6, 12, 1),
(102258, 'Matthew Lowton', 'Fullback, right', 'Burnley FC', 2, 6, 1),
(103427, 'Chris Smalling', 'Centre Back', 'Manchester United', 20, 3, 1),
(103565, 'Wahbi Khazri', 'Central Midfield', 'AFC Sunderland', 9, 8, 1),
(104124, 'Michail Antonio', 'Central Midfield', 'West Ham United', 9, 8, 1),
(104223, 'Jordy Clasie', 'Defensive Midfield', 'FC Southampton', 11, 9, 1),
(107427, 'Ikechi Anya', 'Midfield, left', 'FC Watford', 3, 0, 1),
(107617, 'Dionatan Teixeira', 'Centre Back', 'Stoke City', 1, 3, 1),
(108390, 'Thibaut Courtois', 'Keeper', 'Chelsea FC', 35, 1, 1),
(110858, 'Benik Afobe', 'Centre Forward', 'AFC Bournemouth', 9, 12, 1),
(110860, 'Luke Garbutt', 'Fullback, left', 'FC Everton', 2, 5, 0),
(110864, 'Sam Johnstone', 'Keeper', 'Manchester United', 1, 1, 1),
(111051, 'Nampalys Mendy', 'Defensive Midfield', 'Leicester City', 12, 9, 1),
(111073, 'Ryan Allsop', 'Keeper', 'AFC Bournemouth', 1, 1, 1),
(111114, 'Kevin Long', 'Centre Back', 'Burnley FC', 1, 3, 1),
(111428, 'Raphael Spiegel', 'Keeper', 'West Ham United', 1, 1, 1),
(111455, 'Granit Xhaka', 'Central Midfield', 'FC Arsenal', 35, 8, 1),
(111508, 'Allan Nyom', 'Fullback, right', 'FC Watford', 4, 6, 1),
(111630, 'Érik Lamela', 'Central Midfield', 'Tottenham Hotspur', 26, 8, 1),
(111873, 'Emiliano Martínez', 'Keeper', 'FC Arsenal', 2, 1, 1),
(112988, 'Cédric Soares', 'Fullback, right', 'FC Southampton', 12, 6, 1),
(115507, 'Bruno Zuculini', 'Central Midfield', 'Manchester City', 2, 8, 1),
(117996, 'Phil Jones', 'Centre Back', 'Manchester United', 14, 3, 1),
(118534, 'Michael Keane', 'Centre Back', 'Burnley FC', 8, 3, 1),
(118535, 'Will Keane', 'Centre Forward', 'Manchester United', 2, 12, 1),
(119296, 'Emre Can', 'Defensive Midfield', 'FC Liverpool', 18, 9, 1),
(120186, 'Daniel Bachmann', 'Keeper', 'Stoke City', 1, 1, 1),
(120565, 'Andre Gray', 'Centre Forward', 'Burnley FC', 10, 12, 1),
(120610, 'Diafra Sakho', 'Centre Forward', 'West Ham United', 12, 12, 1),
(121223, 'Kwesi Appiah', 'Centre Forward', 'Crystal Palace', 1, 12, 1),
(121257, 'Adam Forshaw', 'Central Midfield', 'Middlesbrough FC', 2, 8, 1),
(121260, 'Conor McAleny', 'Centre Forward', 'FC Everton', 1, 12, 1),
(121279, 'Tom Carroll', 'Central Midfield', 'Tottenham Hotspur', 5, 8, 1),
(121477, 'Craig Dawson', 'Fullback, right', 'West Bromwich Albion', 6, 6, 1),
(121686, 'Cristian Gamboa', 'Fullback, right', 'West Bromwich Albion', 2, 6, 1),
(122153, 'Paul Pogba', 'Central Midfield', 'Manchester United', 70, 8, 1),
(122223, 'Samuel Clucas', 'Midfield, left', 'Hull City', 2, 0, 1),
(122675, 'Kevin Wimmer', 'Centre Back', 'Tottenham Hotspur', 7, 3, 1),
(123682, 'Callum Wilson', 'Centre Forward', 'AFC Bournemouth', 9, 12, 1),
(123742, 'Gastón Ramírez', 'Attacking Midfield', 'Middlesbrough FC', 5, 7, 1),
(124983, 'Bryan Oviedo', 'Fullback, left', 'FC Everton', 3, 5, 1),
(125868, 'Pape Souaré', 'Fullback, left', 'Crystal Palace', 7, 5, 1),
(126321, 'Carl Jenkinson', 'Fullback, right', 'FC Arsenal', 9, 6, 1),
(126665, 'Idrissa Gueye', 'Central Midfield', 'FC Everton', 9, 8, 1),
(127187, 'Abdoulaye Doucouré', 'Central Midfield', 'FC Watford', 6, 8, 1),
(127194, 'Yaya Sanogo', 'Centre Forward', 'FC Arsenal', 1, 12, 1),
(128220, 'Luis Alberto', 'Attacking Midfield', 'FC Liverpool', 4, 7, 1),
(128828, 'Tom Anderson', 'Centre Back', 'Burnley FC', 1, 3, 1),
(128897, 'Saido Berahino', 'Centre Forward', 'West Bromwich Albion', 15, 12, 1),
(128898, 'Jamal Blackman', 'Keeper', 'Chelsea FC', 1, 1, 0),
(128899, 'Jack Butland', 'Keeper', 'Stoke City', 9, 1, 1),
(128900, 'Nathaniel Chalobah', 'Defensive Midfield', 'Chelsea FC', 3, 9, 1),
(128904, 'Ben Gibson', 'Centre Back', 'Middlesbrough FC', 2, 3, 1),
(128906, 'Liam Moore', 'Centre Back', 'Leicester City', 2, 3, 1),
(128912, 'Andre Wisdom', 'Fullback, right', 'FC Liverpool', 3, 6, 1),
(129078, 'Nathan Redmond', 'Central Midfield', 'FC Southampton', 10, 8, 1),
(129476, 'Gerard Deulofeu', 'Right Wing', 'FC Everton', 9, 14, 1),
(129592, 'Julien de Sart', 'Defensive Midfield', 'Middlesbrough FC', 2, 9, 1),
(129627, 'Charlie Austin', 'Centre Forward', 'FC Southampton', 13, 12, 1),
(130164, 'Jordan Pickford', 'Keeper', 'AFC Sunderland', 1, 1, 1),
(130756, 'Giannelli Imbula', 'Defensive Midfield', 'Stoke City', 18, 9, 1),
(131248, 'Joel Campbell', 'Right Wing', 'FC Arsenal', 8, 14, 1),
(131708, 'Kenneth Omeruo', 'Centre Back', 'Chelsea FC', 2, 3, 1),
(131789, 'Roberto Firmino', 'Secondary Striker', 'FC Liverpool', 35, 13, 1),
(131978, 'Ross Barkley', 'Attacking Midfield', 'FC Everton', 22, 7, 1),
(131996, 'Bertrand Traoré', 'Centre Forward', 'Chelsea FC', 4, 12, 0),
(132098, 'Harry Kane', 'Centre Forward', 'Tottenham Hotspur', 40, 12, 1),
(133179, 'Marten de Roon', 'Central Midfield', 'Middlesbrough FC', 10, 8, 1),
(134294, 'Danny Ings', 'Centre Forward', 'FC Liverpool', 12, 12, 1),
(134414, 'Tyler Blackett', 'Centre Back', 'Manchester United', 1, 3, 1),
(134419, 'Adam Jackson', 'Centre Back', 'Middlesbrough FC', 1, 3, 0),
(134425, 'Raheem Sterling', 'Left Wing', 'Manchester City', 45, 15, 1),
(135853, 'Manuel Lanzini', 'Attacking Midfield', 'West Ham United', 10, 7, 1),
(136610, 'Papy Djilobodji', 'Centre Back', 'AFC Sunderland', 5, 3, 1),
(136647, 'Charalampos Mavrias', 'Central Midfield', 'AFC Sunderland', 1, 8, 1),
(138335, 'Jakob Haugaard', 'Keeper', 'Stoke City', 1, 1, 1),
(139208, 'Virgil van Dijk', 'Centre Back', 'FC Southampton', 12, 3, 1),
(139503, 'Enner Valencia', 'Centre Forward', 'West Ham United', 10, 12, 1),
(141655, 'Zeki Fryers', 'Fullback, left', 'Crystal Palace', 3, 5, 1),
(141660, 'Jesse Lingard', 'Central Midfield', 'Manchester United', 6, 8, 1),
(143424, 'Alex Oxlade-Chamberlain', 'Central Midfield', 'FC Arsenal', 20, 8, 1),
(144303, 'Lazar Markovic', 'Central Midfield', 'FC Liverpool', 14, 8, 1),
(145922, 'Jon Flanagan', 'Fullback, right', 'Burnley FC', 5, 6, 1),
(145988, 'Wilfried Zaha', 'Central Midfield', 'Crystal Palace', 9, 8, 1),
(146795, 'Ryan Fraser', 'Left Wing', 'AFC Bournemouth', 1, 15, 1),
(147034, 'Marco van Ginkel', 'Central Midfield', 'Chelsea FC', 7, 8, 1),
(148368, 'Divock Origi', 'Centre Forward', 'FC Liverpool', 11, 12, 1),
(148907, 'Sean Murray', 'Central Midfield', 'FC Watford', 1, 8, 1),
(149498, 'Gabriel Paulista', 'Centre Back', 'FC Arsenal', 12, 3, 1),
(154287, 'Todd Kane', 'Fullback, right', 'Chelsea FC', 2, 6, 1),
(156934, 'Tyias Browning', 'Fullback, right', 'FC Everton', 1, 6, 1),
(157490, 'Michael Hector', 'Centre Back', 'Chelsea FC', 3, 3, 0),
(157506, 'Jeffrey Schlupp', 'Fullback, left', 'Leicester City', 8, 5, 1),
(157509, 'Kurt Zouma', 'Centre Back', 'Chelsea FC', 17, 3, 1),
(157907, 'Doneil Henry', 'Centre Back', 'West Ham United', 1, 3, 1),
(158022, 'Fredrik Ulvestad', 'Central Midfield', 'Burnley FC', 1, 8, 1),
(158700, 'Tendayi Darikwa', 'Fullback, right', 'Burnley FC', 1, 6, 1),
(159471, 'Serge Gnabry', 'Central Midfield', 'FC Arsenal', 3, 8, 1),
(160438, 'Mohamed Elneny', 'Defensive Midfield', 'FC Arsenal', 9, 9, 1),
(162395, 'Essaïd Belkalem', 'Centre Back', 'FC Watford', 1, 3, 1),
(163530, 'Adam Reach', 'Midfield, left', 'Middlesbrough FC', 1, 0, 1),
(163738, 'Moses Odubajo', 'Fullback, right', 'Hull City', 5, 6, 1),
(163744, 'Jack Stephens', 'Centre Back', 'FC Southampton', 1, 3, 1),
(167268, 'Patrick McNair', 'Centre Back', 'AFC Sunderland', 4, 3, 1),
(167393, 'James Husband', 'Fullback, left', 'Middlesbrough FC', 1, 5, 1),
(167799, 'Pierre-Emile Höjbjerg', 'Central Midfield', 'FC Southampton', 8, 8, 1),
(167850, 'Memphis Depay', 'Left Wing', 'Manchester United', 25, 15, 1),
(168337, 'Ahmed Musa', 'Centre Forward', 'Leicester City', 18, 12, 1),
(170322, 'Jonathan Williams', 'Attacking Midfield', 'Crystal Palace', 1, 7, 1),
(171260, 'Jay Fulton', 'Central Midfield', 'Swansea City', 1, 8, 1),
(171424, 'Riyad Mahrez', 'Central Midfield', 'Leicester City', 30, 8, 1),
(173504, 'James Tarkowski', 'Centre Back', 'Burnley FC', 2, 3, 1),
(175722, 'Eric Dier', 'Defensive Midfield', 'Tottenham Hotspur', 18, 9, 1),
(175745, 'Brad Smith', 'Fullback, left', 'AFC Bournemouth', 2, 5, 1),
(176485, 'Lucas Piazón', 'Left Wing', 'Chelsea FC', 3, 15, 1),
(177476, 'Nathan Aké', 'Fullback, left', 'AFC Bournemouth', 5, 5, 1),
(177847, 'Adnan Januzaj', 'Central Midfield', 'AFC Sunderland', 7, 8, 1),
(177859, 'Tiago Ilori', 'Centre Back', 'FC Liverpool', 3, 3, 1),
(177907, 'Harry Maguire', 'Centre Back', 'Hull City', 3, 3, 1),
(179184, 'Michy Batshuayi', 'Centre Forward', 'Chelsea FC', 25, 12, 1),
(179451, 'Donald Love', 'Fullback, right', 'AFC Sunderland', 1, 6, 1),
(181380, 'Arthur Masuaku', 'Fullback, left', 'West Ham United', 7, 5, 1),
(181579, 'James Ward-Prowse', 'Central Midfield', 'FC Southampton', 11, 8, 1),
(182877, 'Anthony Martial', 'Centre Forward', 'Manchester United', 32, 12, 1),
(183161, 'Tom Hoban', 'Centre Back', 'FC Watford', 1, 3, 1),
(183286, 'Diego Poyet', 'Central Midfield', 'West Ham United', 1, 8, 1),
(183288, 'Luke Shaw', 'Fullback, left', 'Manchester United', 21, 5, 1),
(183298, 'Chris Long', 'Secondary Striker', 'Burnley FC', 1, 13, 0),
(183334, 'Patrick Bamford', 'Centre Forward', 'Chelsea FC', 5, 12, 1),
(184381, 'Shani Tarashaj', 'Secondary Striker', 'FC Everton', 4, 13, 1),
(184398, 'Stephen Kingsley', 'Fullback, left', 'Swansea City', 1, 5, 1),
(186590, 'John Stones', 'Centre Back', 'Manchester City', 28, 3, 1),
(186863, 'Cristian Cuevas', 'Fullback, left', 'Chelsea FC', 1, 5, 1),
(186923, 'Jack Rose', 'Keeper', 'West Bromwich Albion', 1, 1, 1),
(186997, 'Christian Atsu', 'Central Midfield', 'Chelsea FC', 3, 8, 1),
(187105, 'Mike van der Hoorn', 'Centre Back', 'Swansea City', 3, 3, 1),
(189070, 'Modou Barrow', 'Right Wing', 'Swansea City', 3, 14, 1),
(191217, 'Héctor Bellerín', 'Fullback, right', 'FC Arsenal', 18, 6, 1),
(192080, 'Nick Pope', 'Keeper', 'Burnley FC', 1, 1, 1),
(192565, 'Leroy Sané', 'Right Wing', 'Manchester City', 30, 14, 1),
(192765, 'Ben Davies', 'Fullback, left', 'Tottenham Hotspur', 9, 5, 1),
(193881, 'Jordan McGhee', 'Fullback, right', 'Middlesbrough FC', 1, 6, 0),
(195652, 'Jordon Ibe', 'Central Midfield', 'AFC Bournemouth', 10, 8, 1),
(197642, 'Chuba Akpom', 'Centre Forward', 'FC Arsenal', 1, 12, 1),
(197838, 'Jamie Vardy', 'Centre Forward', 'Leicester City', 20, 12, 1),
(198495, 'Tokelo Rantie', 'Centre Forward', 'AFC Bournemouth', 1, 12, 1),
(200512, 'Sadio Mané', 'Central Midfield', 'FC Liverpool', 30, 8, 1),
(200777, 'Alex Pritchard', 'Attacking Midfield', 'Tottenham Hotspur', 3, 7, 0),
(200782, 'Kevin Stewart', 'Defensive Midfield', 'FC Liverpool', 1, 9, 1),
(202886, 'Ruben Loftus-Cheek', 'Central Midfield', 'Chelsea FC', 5, 8, 1),
(203394, 'Andreas Pereira', 'Attacking Midfield', 'Manchester United', 2, 7, 1),
(203853, 'Oleksandr Zinchenko', 'Attacking Midfield', 'Manchester City', 4, 7, 1),
(205938, 'Mario Pasalic', 'Central Midfield', 'Chelsea FC', 5, 8, 1),
(207015, 'Vincent Janssen', 'Centre Forward', 'Tottenham Hotspur', 14, 12, 1),
(207917, 'Alberto Moreno', 'Fullback, left', 'FC Liverpool', 15, 5, 1),
(207929, 'Dele Alli', 'Central Midfield', 'Tottenham Hotspur', 20, 8, 1),
(208244, 'Brendan Galloway', 'Fullback, left', 'FC Everton', 3, 5, 1),
(209781, 'Oumar Niasse', 'Centre Forward', 'FC Everton', 12, 12, 1),
(214056, 'Daniel Amartey', 'Defensive Midfield', 'Leicester City', 5, 9, 1),
(214104, 'James Wilson', 'Centre Forward', 'Manchester United', 2, 12, 1),
(214666, 'Connor Roberts', 'Fullback, right', 'Swansea City', 1, 6, 1),
(215118, 'Calum Chambers', 'Centre Back', 'FC Arsenal', 12, 3, 1),
(218140, 'George Honeyman', 'Attacking Midfield', 'AFC Sunderland', 1, 7, 0),
(218355, 'Conor Grant', 'Central Midfield', 'FC Everton', 1, 8, 0),
(220491, 'Matt Macey', 'Keeper', 'FC Arsenal', 1, 1, 1),
(222813, 'Marko Grujic', 'Central Midfield', 'FC Liverpool', 5, 8, 1),
(223047, 'Emerson Hyndman', 'Central Midfield', 'AFC Bournemouth', 1, 8, 1),
(224884, 'Abdul Rahman Baba', 'Fullback, left', 'Chelsea FC', 13, 5, 0),
(225083, 'N&#039;Golo Kanté', 'Central Midfield', 'Chelsea FC', 30, 8, 1),
(226965, 'Lloyd Isgrove', 'Central Midfield', 'FC Southampton', 1, 8, 1),
(226968, 'Sam McQueen', 'Attacking Midfield', 'FC Southampton', 1, 7, 1),
(226973, 'Harrison Reed', 'Central Midfield', 'FC Southampton', 2, 8, 1),
(227183, 'Sam Gallagher', 'Centre Forward', 'FC Southampton', 1, 12, 0),
(229970, 'Tom Lawrence', 'Secondary Striker', 'Leicester City', 1, 13, 1),
(234803, 'Andrew Robertson', 'Fullback, left', 'Hull City', 7, 5, 1),
(236490, 'Ola Aina', 'Fullback, right', 'Chelsea FC', 1, 6, 1),
(236508, 'Bryn Morris', 'Defensive Midfield', 'Middlesbrough FC', 1, 9, 1),
(236510, 'Sheyi Ojo', 'Central Midfield', 'FC Liverpool', 2, 8, 1),
(236513, 'Jerome Sinclair', 'Centre Forward', 'FC Watford', 2, 12, 1),
(236953, 'Sam Byram', 'Fullback, right', 'West Ham United', 5, 6, 1),
(238988, 'Leandro Rodríguez', 'Centre Forward', 'FC Everton', 2, 12, 1),
(241119, 'Clinton N&#039;Jie', 'Centre Forward', 'Tottenham Hotspur', 10, 12, 1),
(241916, 'Brian Lenihan', 'Fullback, right', 'Hull City', 1, 6, 1),
(242417, 'George Waring', 'Centre Forward', 'Stoke City', 1, 12, 0),
(242606, 'Josh Cullen', 'Central Midfield', 'West Ham United', 1, 8, 0),
(242631, 'Alex Iwobi', 'Central Midfield', 'FC Arsenal', 4, 8, 1),
(243589, 'Josh Onomah', 'Attacking Midfield', 'Tottenham Hotspur', 2, 7, 1),
(244125, 'Hiram Boateng', 'Central Midfield', 'Crystal Palace', 1, 8, 1),
(245334, 'Jerome Binnom-Williams', 'Fullback, left', 'Crystal Palace', 1, 5, 0),
(245537, 'Nabil Bentaleb', 'Defensive Midfield', 'Tottenham Hotspur', 9, 9, 1),
(245744, 'Takuma Asano', 'Centre Forward', 'FC Arsenal', 2, 12, 1),
(245893, 'Matt Miazga', 'Centre Back', 'Chelsea FC', 3, 3, 1),
(246579, 'Bartosz Kapustka', 'Attacking Midfield', 'Leicester City', 5, 7, 1),
(248045, 'Duncan Watmore', 'Right Wing', 'AFC Sunderland', 3, 14, 1),
(249089, 'Lewis Cook', 'Central Midfield', 'AFC Bournemouth', 5, 8, 1),
(250478, 'Matt Targett', 'Fullback, left', 'FC Southampton', 3, 5, 1),
(253341, 'Rob Holding', 'Centre Back', 'FC Arsenal', 2, 3, 1),
(253677, 'Tyrone Mings', 'Fullback, left', 'AFC Bournemouth', 6, 5, 1),
(255916, 'DeAndre Yedlin', 'Fullback, right', 'Tottenham Hotspur', 3, 6, 1),
(256178, 'Joe Gomez', 'Centre Back', 'FC Liverpool', 4, 3, 1),
(257740, 'Carlos de Pena', 'Midfield, left', 'Middlesbrough FC', 3, 0, 1),
(258311, 'Sam Westley', 'Fullback, right', 'West Ham United', 1, 6, 0),
(258879, 'Cameron Borthwick-Jackson', 'Fullback, left', 'Manchester United', 3, 5, 1),
(258923, 'Marcus Rashford', 'Centre Forward', 'Manchester United', 7, 12, 1),
(262545, 'Connor Randall', 'Fullback, right', 'FC Liverpool', 1, 6, 1),
(262725, 'Josh O&#039;Hanlon', 'Centre Forward', 'AFC Bournemouth', 1, 12, 1),
(264220, 'Reece Burke', 'Centre Back', 'West Ham United', 1, 3, 1),
(264406, 'Calaum Jahraldo-Martin', 'Right Wing', 'Hull City', 1, 14, 0),
(277114, 'Jason Denayer', 'Centre Back', 'Manchester City', 4, 3, 1),
(281404, 'Kenedy', 'Fullback, left', 'Chelsea FC', 8, 5, 1),
(283655, 'Grant Ward', 'Midfield, right', 'Tottenham Hotspur', 1, 0, 0),
(284727, 'Jonathan Calleri', 'Centre Forward', 'West Ham United', 10, 12, 1),
(284763, 'Michael Cain', 'Central Midfield', 'Leicester City', 1, 8, 0),
(286384, 'Eric Bailly', 'Centre Back', 'Manchester United', 20, 3, 1),
(287247, 'Krystian Bielik', 'Centre Back', 'FC Arsenal', 2, 3, 1),
(289846, 'Ashley Fletcher', 'Centre Forward', 'West Ham United', 1, 12, 1),
(291422, 'Lys Mousset', 'Centre Forward', 'AFC Bournemouth', 5, 12, 1),
(292417, 'Demarai Gray', 'Left Wing', 'Leicester City', 6, 15, 1),
(293450, 'Baily Cargill', 'Centre Back', 'AFC Bournemouth', 1, 3, 1),
(295330, 'Kelechi Iheanacho', 'Centre Forward', 'Manchester City', 7, 12, 1),
(295331, 'Isaac Success', 'Right Wing', 'FC Watford', 4, 14, 1),
(302371, 'Toni Martínez', 'Centre Forward', 'West Ham United', 1, 12, 0),
(312017, 'Ramadan Sobhi', 'Left Wing', 'Stoke City', 2, 15, 1),
(314140, 'Dael Fry', 'Centre Back', 'Middlesbrough FC', 1, 3, 1),
(314266, 'Jonathan Leko', 'Central Midfield', 'West Bromwich Albion', 2, 8, 1),
(314295, 'Reece Oxford', 'Centre Back', 'West Ham United', 4, 3, 1),
(315131, 'Timothy Fosu-Mensah', 'Defensive Midfield', 'Manchester United', 1, 9, 1),
(316125, 'Ben Chilwell', 'Fullback, left', 'Leicester City', 3, 5, 1),
(356195, 'Greg Luer', 'Centre Forward', 'Hull City', 1, 12, 1);

-- --------------------------------------------------------

--
-- Structure de la table `position`
--

CREATE TABLE IF NOT EXISTS `position` (
  `id` int(11) NOT NULL AUTO_INCREMENT,
  `position` varchar(3) NOT NULL,
  `sousposition` varchar(25) NOT NULL,
  PRIMARY KEY (`id`)
) ENGINE=MyISAM  DEFAULT CHARSET=latin1 AUTO_INCREMENT=16 ;

--
-- Contenu de la table `position`
--

INSERT INTO `position` (`id`, `position`, `sousposition`) VALUES
(1, 'GK', 'Keeper'),
(2, 'DEF', 'Left-Back'),
(3, 'DEF', 'Centre Back'),
(4, 'DEF', 'Right-Back'),
(5, 'DEF', 'Fullback, left'),
(6, 'DEF', 'Fullback, right'),
(7, 'MID', 'Attacking Midfield'),
(8, 'MID', 'Central Midfield'),
(9, 'MID', 'Defensive Midfield'),
(10, 'MID', 'Right Midfield'),
(11, 'MID', 'Left Midfield'),
(12, 'FWD', 'Centre Forward'),
(13, 'FWD', 'Secondary Striker'),
(14, 'FWD', 'Right Wing'),
(15, 'FWD', 'Left Wing');

-- --------------------------------------------------------

--
-- Structure de la table `proposition`
--

CREATE TABLE IF NOT EXISTS `proposition` (
  `user` int(10) NOT NULL,
  `player` int(10) NOT NULL,
  `price` int(11) NOT NULL,
  `date` timestamp NOT NULL DEFAULT CURRENT_TIMESTAMP,
  `win` int(1) NOT NULL,
  `wave` int(1) NOT NULL,
  KEY `user` (`user`,`player`)
) ENGINE=InnoDB DEFAULT CHARSET=latin1;

--
-- Contenu de la table `proposition`
--

INSERT INTO `proposition` (`user`, `player`, `price`, `date`, `win`, `wave`) VALUES
(12, 16911, 5, '2016-08-01 16:05:10', 0, 1),
(12, 139208, 15, '2016-08-01 16:05:10', 0, 1),
(12, 234803, 6, '2016-08-01 16:05:10', 1, 1),
(12, 40567, 1, '2016-08-01 16:05:10', 1, 1),
(12, 29975, 2, '2016-08-01 16:05:10', 1, 1),
(12, 44983, 2, '2016-08-01 16:05:10', 1, 1),
(12, 61842, 10, '2016-08-01 16:05:10', 1, 1),
(12, 36139, 19, '2016-08-01 16:05:10', 1, 1),
(12, 90466, 32, '2016-08-01 16:05:10', 1, 1),
(12, 69633, 49, '2016-08-01 16:05:10', 1, 1),
(12, 82130, 15, '2016-08-01 16:05:10', 0, 1),
(12, 57162, 15, '2016-08-01 16:05:10', 0, 1),
(12, 65477, 24, '2016-08-01 16:05:10', 1, 1),
(12, 26399, 80, '2016-08-01 16:05:10', 1, 1),
(12, 41384, 15, '2016-08-01 16:05:10', 0, 1),
(12, 48066, 10, '2016-08-01 16:05:10', 0, 1),
(18, 29692, 10, '2016-08-01 16:07:04', 1, 1),
(18, 13507, 25, '2016-08-01 16:07:04', 1, 1),
(18, 68390, 20, '2016-08-01 16:07:04', 1, 1),
(18, 91251, 2, '2016-08-01 16:07:04', 1, 1),
(18, 31642, 5, '2016-08-01 16:07:04', 1, 1),
(18, 67355, 10, '2016-08-01 16:07:04', 0, 1),
(18, 255916, 2, '2016-08-01 16:07:04', 1, 1),
(18, 111455, 43, '2016-08-01 16:07:04', 1, 1),
(18, 131978, 25, '2016-08-01 16:07:04', 0, 1),
(18, 80444, 35, '2016-08-01 16:07:04', 0, 1),
(18, 86792, 20, '2016-08-01 16:07:04', 1, 1),
(18, 82130, 20, '2016-08-01 16:07:04', 1, 1),
(18, 120565, 15, '2016-08-01 16:07:04', 1, 1),
(18, 179184, 25, '2016-08-01 16:07:04', 1, 1),
(18, 47082, 30, '2016-08-01 16:07:04', 1, 1),
(18, 62121, 13, '2016-08-01 16:07:04', 0, 1),
(21, 23951, 16, '2016-08-01 16:15:02', 0, 1),
(21, 57420, 8, '2016-08-01 16:15:02', 1, 1),
(21, 36861, 2, '2016-08-01 16:15:02', 1, 1),
(21, 186590, 37, '2016-08-01 16:15:02', 1, 1),
(21, 85177, 25, '2016-08-01 16:15:02', 1, 1),
(21, 33829, 6, '2016-08-01 16:15:02', 1, 1),
(21, 49734, 3, '2016-08-01 16:15:02', 1, 1),
(21, 145988, 8, '2016-08-01 16:15:02', 1, 1),
(21, 131978, 28, '2016-08-01 16:15:02', 1, 1),
(21, 51452, 12, '2016-08-01 16:15:02', 1, 1),
(21, 40613, 4, '2016-08-01 16:15:02', 1, 1),
(21, 207929, 28, '2016-08-01 16:15:02', 0, 1),
(21, 37647, 33, '2016-08-01 16:15:02', 0, 1),
(21, 3455, 36, '2016-08-01 16:15:02', 0, 1),
(21, 132098, 51, '2016-08-01 16:15:02', 0, 1),
(21, 49655, 3, '2016-08-01 16:15:02', 1, 1),
(17, 7589, 6, '2016-08-01 16:19:20', 1, 1),
(17, 112988, 11, '2016-08-01 16:19:20', 1, 1),
(17, 10003, 3, '2016-08-01 16:19:20', 0, 1),
(17, 286384, 8, '2016-08-01 16:19:20', 0, 1),
(17, 183288, 23, '2016-08-01 16:19:20', 1, 1),
(17, 88755, 65, '2016-08-01 16:19:20', 1, 1),
(17, 55735, 41, '2016-08-01 16:19:20', 0, 1),
(17, 123682, 9, '2016-08-01 16:19:20', 1, 1),
(17, 65477, 10, '2016-08-01 16:19:20', 0, 1),
(17, 95755, 2, '2016-08-01 16:19:20', 1, 1),
(17, 41384, 20, '2016-08-01 16:19:21', 1, 1),
(34, 5658, 17, '2016-08-01 16:27:23', 1, 1),
(34, 19059, 1, '2016-08-01 16:27:23', 1, 1),
(34, 52119, 6, '2016-08-01 16:27:23', 1, 1),
(34, 191217, 24, '2016-08-01 16:27:23', 1, 1),
(34, 76277, 30, '2016-08-01 16:27:23', 1, 1),
(34, 9988, 5, '2016-08-01 16:27:23', 1, 1),
(34, 286384, 14, '2016-08-01 16:27:23', 1, 1),
(34, 50174, 18, '2016-08-01 16:27:23', 1, 1),
(34, 47995, 5, '2016-08-01 16:27:23', 1, 1),
(34, 53622, 52, '2016-08-01 16:27:23', 1, 1),
(34, 55735, 53, '2016-08-01 16:27:23', 1, 1),
(34, 45403, 16, '2016-08-01 16:27:23', 1, 1),
(34, 207929, 32, '2016-08-01 16:27:23', 1, 1),
(34, 31835, 7, '2016-08-01 16:27:23', 1, 1),
(34, 65477, 19, '2016-08-01 16:27:23', 0, 1),
(23, 5658, 14, '2016-08-01 17:28:56', 0, 1),
(23, 7589, 6, '2016-08-01 17:28:56', 0, 1),
(23, 36827, 14, '2016-08-01 17:28:56', 1, 1),
(23, 76277, 25, '2016-08-01 17:28:56', 0, 1),
(23, 207917, 16, '2016-08-01 17:28:56', 1, 1),
(23, 10003, 7, '2016-08-01 17:28:56', 1, 1),
(23, 286384, 8, '2016-08-01 17:28:56', 0, 1),
(23, 67355, 15, '2016-08-01 17:28:56', 1, 1),
(23, 195652, 9, '2016-08-01 17:28:57', 1, 1),
(23, 225083, 25, '2016-08-01 17:28:57', 0, 1),
(23, 69633, 35, '2016-08-01 17:28:57', 0, 1),
(23, 57162, 18, '2016-08-01 17:28:57', 1, 1),
(23, 148368, 14, '2016-08-01 17:28:57', 1, 1),
(23, 62121, 15, '2016-08-01 17:28:57', 0, 1),
(23, 26399, 65, '2016-08-01 17:28:57', 0, 1),
(23, 48066, 14, '2016-08-01 17:28:57', 1, 1),
(16, 16911, 5, '2016-08-01 18:22:11', 0, 1),
(16, 40204, 19, '2016-08-01 18:22:11', 1, 1),
(16, 62688, 5, '2016-08-01 18:22:11', 1, 1),
(16, 43003, 18, '2016-08-01 18:22:11', 0, 1),
(16, 59606, 4, '2016-08-01 18:22:11', 1, 1),
(16, 10003, 5, '2016-08-01 18:22:11', 0, 1),
(16, 225083, 25, '2016-08-01 18:22:11', 0, 1),
(16, 52769, 40, '2016-08-01 18:22:11', 1, 1),
(16, 145988, 8, '2016-08-01 18:22:11', 0, 1),
(16, 3333, 17, '2016-08-01 18:22:11', 1, 1),
(16, 73491, 8, '2016-08-01 18:22:11', 1, 1),
(16, 171424, 34, '2016-08-01 18:22:11', 0, 1),
(16, 31835, 7, '2016-08-01 18:22:11', 0, 1),
(16, 62121, 18, '2016-08-01 18:22:11', 1, 1),
(16, 197838, 35, '2016-08-01 18:22:11', 1, 1),
(16, 132098, 52, '2016-08-01 18:22:11', 1, 1),
(35, 16911, 7, '2016-08-01 19:19:36', 1, 1),
(35, 281404, 10, '2016-08-01 19:19:36', 1, 1),
(35, 191217, 20, '2016-08-01 19:19:36', 0, 1),
(35, 33544, 10, '2016-08-01 19:19:36', 1, 1),
(35, 286384, 10, '2016-08-01 19:19:36', 0, 1),
(35, 67355, 10, '2016-08-01 19:19:36', 0, 1),
(35, 35664, 70, '2016-08-01 19:19:36', 0, 1),
(35, 14221, 8, '2016-08-01 19:19:36', 1, 1),
(35, 43530, 20, '2016-08-01 19:19:36', 1, 1),
(35, 80444, 35, '2016-08-01 19:19:36', 0, 1),
(35, 53622, 34, '2016-08-01 19:19:36', 0, 1),
(35, 86792, 18, '2016-08-01 19:19:36', 0, 1),
(35, 175722, 20, '2016-08-01 19:19:36', 1, 1),
(35, 45121, 10, '2016-08-01 19:19:36', 1, 1),
(35, 45146, 8, '2016-08-01 19:19:36', 1, 1),
(35, 18644, 10, '2016-08-01 19:19:36', 1, 1),
(17, 182877, 33, '2016-08-01 16:19:20', 1, 1),
(17, 171424, 22, '2016-08-01 16:19:20', 0, 1),
(36, 23951, 12, '2016-08-01 20:20:17', 0, 1),
(36, 52119, 5, '2016-08-01 20:20:17', 0, 1),
(36, 11111, 10, '2016-08-01 20:20:17', 1, 1),
(36, 82105, 18, '2016-08-01 20:20:17', 1, 1),
(36, 250478, 3, '2016-08-01 20:20:17', 1, 1),
(36, 50477, 3, '2016-08-01 20:20:17', 1, 1),
(36, 50174, 15, '2016-08-01 20:20:17', 0, 1),
(36, 47995, 5, '2016-08-01 20:20:17', 0, 1),
(36, 119296, 18, '2016-08-01 20:20:17', 1, 1),
(36, 3878, 4, '2016-08-01 20:20:17', 1, 1),
(36, 69633, 34, '2016-08-01 20:20:17', 0, 1),
(36, 37647, 28, '2016-08-01 20:20:17', 0, 1),
(36, 57162, 17, '2016-08-01 20:20:17', 0, 1),
(36, 26399, 75, '2016-08-01 20:20:17', 0, 1),
(36, 3455, 45, '2016-08-01 20:20:17', 1, 1),
(36, 18644, 8, '2016-08-01 20:20:17', 0, 1),
(17, 35518, 34, '2016-08-01 16:19:20', 1, 1),
(17, 33544, 9, '2016-08-01 16:19:20', 0, 1),
(20, 52570, 18, '2016-08-01 20:57:28', 1, 1),
(20, 191217, 22, '2016-08-01 20:57:29', 0, 1),
(20, 76277, 25, '2016-08-01 20:57:29', 0, 1),
(20, 6636, 10, '2016-08-01 20:57:29', 1, 1),
(20, 10003, 5, '2016-08-01 20:57:29', 0, 1),
(20, 103427, 25, '2016-08-01 20:57:29', 1, 1),
(20, 103565, 8, '2016-08-01 20:57:29', 1, 1),
(20, 225083, 32, '2016-08-01 20:57:29', 1, 1),
(20, 242631, 1, '2016-08-01 20:57:29', 1, 1),
(20, 171424, 35, '2016-08-01 20:57:29', 1, 1),
(20, 141660, 5, '2016-08-01 20:57:29', 1, 1),
(20, 45403, 15, '2016-08-01 20:57:29', 0, 1),
(20, 37647, 38, '2016-08-01 20:57:29', 1, 1),
(20, 121223, 2, '2016-08-01 20:57:29', 1, 1),
(20, 3455, 45, '2016-08-01 20:57:29', 0, 1),
(20, 41384, 14, '2016-08-01 20:57:29', 0, 1),
(15, 23951, 22, '2016-08-01 22:55:34', 1, 1),
(15, 13573, 4, '2016-08-01 22:55:34', 1, 1),
(15, 43003, 27, '2016-08-01 22:55:34', 1, 1),
(15, 139208, 21, '2016-08-01 22:55:34', 1, 1),
(15, 53173, 7, '2016-08-01 22:55:34', 1, 1),
(15, 121477, 6, '2016-08-01 22:55:34', 1, 1),
(15, 92571, 15, '2016-08-01 22:55:34', 1, 1),
(15, 29434, 23, '2016-08-01 22:55:34', 1, 1),
(15, 35664, 71, '2016-08-01 22:55:34', 1, 1),
(15, 80444, 56, '2016-08-01 22:55:34', 1, 1),
(15, 28973, 7, '2016-08-01 22:55:34', 1, 1),
(15, 4063, 6, '2016-08-01 22:55:35', 1, 1),
(15, 90466, 21, '2016-08-01 22:55:35', 0, 1),
(15, 85935, 3, '2016-08-01 22:55:35', 1, 1),
(15, 123682, 8, '2016-08-01 22:55:35', 0, 1),
(15, 91059, 3, '2016-08-01 22:55:35', 1, 1),
(12, 128899, 10, '2016-08-02 00:48:58', 1, 2),
(12, 18227, 4, '2016-08-02 00:48:58', 1, 2),
(12, 78966, 2, '2016-08-02 00:48:58', 1, 2),
(12, 77544, 2, '2016-08-02 00:48:58', 1, 2),
(12, 15799, 37, '2016-08-02 00:48:58', 1, 2),
(12, 37304, 20, '2016-08-02 00:48:58', 1, 2),
(16, 45494, 4, '2016-08-02 03:58:10', 1, 2),
(16, 2998, 10, '2016-08-02 03:58:10', 1, 2),
(16, 26764, 8, '2016-08-02 03:58:10', 0, 2),
(16, 49499, 21, '2016-08-02 03:58:10', 1, 2),
(16, 14081, 3, '2016-08-02 03:58:10', 1, 2),
(16, 111630, 24, '2016-08-02 03:58:10', 1, 2),
(16, 66934, 11, '2016-08-02 03:58:10', 1, 2),
(36, 17965, 28, '2016-08-02 05:17:20', 1, 2),
(36, 57500, 22, '2016-08-02 05:17:20', 1, 2),
(36, 40611, 16, '2016-08-02 05:17:20', 1, 2),
(36, 50057, 30, '2016-08-02 05:17:20', 1, 2),
(36, 181579, 13, '2016-08-02 05:17:20', 1, 2),
(36, 13091, 21, '2016-08-02 05:17:20', 0, 2),
(36, 96341, 55, '2016-08-02 05:17:20', 0, 2),
(36, 129627, 13, '2016-08-02 05:17:20', 1, 2),
(21, 71271, 7, '2016-08-02 05:40:01', 1, 2),
(21, 49499, 20, '2016-08-02 05:40:01', 0, 2),
(21, 123742, 5, '2016-08-02 05:40:01', 1, 2),
(21, 40433, 74, '2016-08-02 05:40:01', 1, 2),
(21, 96341, 58, '2016-08-02 05:40:02', 1, 2),
(20, 27114, 3, '2016-08-02 06:54:10', 1, 2),
(20, 6710, 15, '2016-08-02 06:54:10', 1, 2),
(20, 26764, 10, '2016-08-02 06:54:10', 1, 2),
(20, 40433, 57, '2016-08-02 06:54:10', 0, 2),
(20, 295330, 5, '2016-08-02 06:54:10', 1, 2),
(20, 3332, 36, '2016-08-02 06:54:10', 1, 2),
(34, 3875, 10, '2016-08-02 07:07:48', 1, 2),
(34, 44675, 10, '2016-08-02 07:07:48', 1, 2),
(15, 37304, 12, '2016-08-02 07:49:48', 0, 2),
(15, 258923, 15, '2016-08-02 07:49:48', 1, 2),
(17, 128904, 2, '2016-08-02 09:03:13', 1, 2),
(17, 78966, 2, '2016-08-02 09:03:13', 0, 2),
(17, 89231, 2, '2016-08-02 09:03:13', 1, 2),
(17, 50202, 69, '2016-08-02 09:03:13', 1, 2),
(17, 200512, 20, '2016-08-02 09:03:13', 0, 2),
(17, 226965, 1, '2016-08-02 09:03:13', 1, 2),
(17, 226968, 1, '2016-08-02 09:03:13', 1, 2),
(18, 61819, 4, '2016-08-02 09:34:24', 1, 2),
(18, 200512, 30, '2016-08-02 09:34:24', 1, 2),
(18, 91845, 30, '2016-08-02 09:34:24', 1, 2),
(18, 48950, 19, '2016-08-02 09:34:24', 1, 2),
(23, 50219, 14, '2016-08-02 11:49:04', 1, 2),
(23, 39471, 4, '2016-08-02 11:49:04', 1, 2),
(23, 2998, 6, '2016-08-02 11:49:04', 0, 2),
(23, 61651, 35, '2016-08-02 11:49:04', 1, 2),
(23, 13091, 29, '2016-08-02 11:49:05', 1, 2),
(23, 40433, 64, '2016-08-02 11:49:05', 0, 2),
(23, 82442, 28, '2016-08-02 11:49:05', 1, 2),
(23, 258923, 13, '2016-08-02 11:49:05', 0, 2),
(35, 37838, 13, '2016-08-02 11:54:59', 1, 2),
(35, 54781, 32, '2016-08-02 11:54:59', 1, 2),
(35, 42710, 27, '2016-08-02 11:54:59', 1, 2),
(35, 8806, 45, '2016-08-02 11:54:59', 1, 2),
(35, 13091, 27, '2016-08-02 11:54:59', 0, 2),
(35, 131789, 35, '2016-08-02 11:54:59', 1, 2),
(35, 80197, 15, '2016-08-02 11:54:59', 1, 2),
(23, 27511, 28, '2016-08-02 12:18:11', 1, 3),
(23, 130756, 25, '2016-08-02 12:18:11', 1, 3),
(23, 168337, 30, '2016-08-02 12:18:11', 1, 3),
(17, 177476, 5, '2016-08-02 12:19:04', 1, 3),
(17, 42412, 7, '2016-08-02 12:19:04', 1, 3),
(21, 214056, 5, '2016-08-02 12:23:50', 1, 3),
(16, 54906, 15, '2016-08-02 12:37:54', 1, 3),
(35, 104124, 7, '2016-08-02 12:50:53', 1, 3),
(20, 44068, 35, '2016-08-02 13:19:50', 1, 3),
(36, 15760, 5, '2016-08-02 15:21:53', 1, 3),
(36, 77760, 20, '2016-08-02 15:21:53', 1, 3),
(36, 134425, 52, '2016-08-02 15:21:53', 1, 3),
(15, 38497, 14, '2016-08-03 08:58:20', 1, 3);

-- --------------------------------------------------------

--
-- Structure de la table `statut`
--

CREATE TABLE IF NOT EXISTS `statut` (
  `ID` int(11) NOT NULL AUTO_INCREMENT,
  `LABEL` varchar(20) NOT NULL,
  PRIMARY KEY (`ID`),
  KEY `ID` (`ID`)
) ENGINE=InnoDB  DEFAULT CHARSET=latin1 AUTO_INCREMENT=3 ;

--
-- Contenu de la table `statut`
--

INSERT INTO `statut` (`ID`, `LABEL`) VALUES
(1, 'drafting'),
(2, 'transfering');

-- --------------------------------------------------------

--
-- Structure de la table `team`
--

CREATE TABLE IF NOT EXISTS `team` (
  `id` int(11) NOT NULL AUTO_INCREMENT,
  `iduser` int(11) NOT NULL,
  `idleague` int(11) NOT NULL,
  `idformation` int(11) NOT NULL,
  `name` varchar(50) NOT NULL,
  PRIMARY KEY (`id`),
  UNIQUE KEY `id` (`id`),
  KEY `iduser` (`iduser`,`idleague`,`idformation`)
) ENGINE=MyISAM  DEFAULT CHARSET=latin1 AUTO_INCREMENT=12 ;

--
-- Contenu de la table `team`
--

INSERT INTO `team` (`id`, `iduser`, `idleague`, `idformation`, `name`) VALUES
(1, 12, 1, 1, 'CSKA Quenelle'),
(2, 15, 1, 1, 'James All Stars'),
(3, 16, 1, 1, 'Veni Vidi Vardy'),
(4, 17, 1, 1, '?????? ???? FC'),
(5, 18, 1, 1, 'FC BUKKAKE'),
(6, 20, 1, 1, 'Manchester Olympics'),
(7, 21, 1, 1, 'Montimartialballondor'),
(8, 23, 1, 1, 'Traq team'),
(9, 34, 1, 1, 'Nimes Olympiques'),
(10, 35, 1, 1, 'Teiko Emperor'),
(11, 36, 1, 1, 'CleanSheet');

-- --------------------------------------------------------

--
-- Structure de la table `trace`
--

CREATE TABLE IF NOT EXISTS `trace` (
  `id` int(11) NOT NULL AUTO_INCREMENT,
  `idplayer` int(11) NOT NULL,
  `date` timestamp NOT NULL DEFAULT CURRENT_TIMESTAMP,
  `iduser` int(11) NOT NULL,
  PRIMARY KEY (`id`),
  KEY `idplayer` (`idplayer`,`iduser`)
) ENGINE=MyISAM  DEFAULT CHARSET=latin1 AUTO_INCREMENT=5 ;

--
-- Contenu de la table `trace`
--

INSERT INTO `trace` (`id`, `idplayer`, `date`, `iduser`) VALUES
(3, 226965, '2016-08-17 12:34:25', 17),
(4, 226968, '2016-08-17 12:34:32', 17);

-- --------------------------------------------------------

--
-- Structure de la table `user`
--

CREATE TABLE IF NOT EXISTS `user` (
  `ID` int(10) NOT NULL AUTO_INCREMENT,
  `username` varchar(50) NOT NULL,
  `password` varchar(50) NOT NULL,
  `montant` int(20) NOT NULL,
  `admin` int(1) NOT NULL DEFAULT '0',
  PRIMARY KEY (`ID`)
) ENGINE=InnoDB  DEFAULT CHARSET=latin1 AUTO_INCREMENT=37 ;

--
-- Contenu de la table `user`
--

INSERT INTO `user` (`ID`, `username`, `password`, `montant`, `admin`) VALUES
(10, 'admin', 'ee10c315eba2c75b403ea99136f5b48d', 0, 1),
(12, 'maxime', 'b238c13e822536cad3ac57a2280fbf45', 0, 0),
(15, 'jerem', '47077cdd44b45965e943ca2632ecbb72', 0, 0),
(16, 'vincent', 'a3d432bcdd37b3b157ba6be73aaf5bb4', 0, 0),
(17, 'jerome', '375bc49eb1032c9d561c3e70032882b7', 0, 0),
(18, 'Pirxlol', 'fb1e9b7795fa924f516791191d2cc399', 0, 0),
(20, 'Branco', 'cc3f25d0c3cd3def55dd36e75e8f2a5e', 0, 0),
(21, 'monti', '4b4edc2630fe75800ddc29a7b4070add', 0, 0),
(23, 'Franckzeuh', '4d82853436a046ded51181c716d6b459', 0, 0),
(34, 'NicoHgn', '7c73aeb4bd44714d68060f65710a159b', 0, 0),
(35, 'nelak27', '2423476563ff5119d15ec340ae1da708', 0, 0),
(36, 'Hugo', '432e72d13b43e48cf7c0c512b74c06b5', 0, 0);

-- --------------------------------------------------------

--
-- Structure de la table `wave`
--

CREATE TABLE IF NOT EXISTS `wave` (
  `number` int(5) NOT NULL,
  `Active` int(1) NOT NULL DEFAULT '1',
  `End` int(1) NOT NULL
) ENGINE=InnoDB DEFAULT CHARSET=latin1;

--
-- Contenu de la table `wave`
--

INSERT INTO `wave` (`number`, `Active`, `End`) VALUES
(1, 1, 1),
(2, 1, 1),
(3, 1, 1),
(4, 1, 0);

--
-- Contraintes pour les tables exportées
--

--
-- Contraintes pour la table `proposition`
--
ALTER TABLE `proposition`
  ADD CONSTRAINT `proposition_ibfk_1` FOREIGN KEY (`user`) REFERENCES `user` (`ID`);

/*!40101 SET CHARACTER_SET_CLIENT=@OLD_CHARACTER_SET_CLIENT */;
/*!40101 SET CHARACTER_SET_RESULTS=@OLD_CHARACTER_SET_RESULTS */;
/*!40101 SET COLLATION_CONNECTION=@OLD_COLLATION_CONNECTION */;
